1.1.2018,,
National ID,BIC Code,Financial Institution Name
100,NDEAFIHH,NORDEA BANK FINLAND PLC
101,NDEAFIHH,NORDEA BANK FINLAND PLC
102,NDEAFIHH,NORDEA BANK FINLAND PLC
103,NDEAFIHH,NORDEA BANK FINLAND PLC
104,NDEAFIHH,NORDEA BANK FINLAND PLC
105,NDEAFIHH,NORDEA BANK FINLAND PLC
106,NDEAFIHH,NORDEA BANK FINLAND PLC
107,NDEAFIHH,NORDEA BANK FINLAND PLC
108,NDEAFIHH,NORDEA BANK FINLAND PLC
109,NDEAFIHH,NORDEA BANK FINLAND PLC
110,NDEAFIHH,NORDEA BANK FINLAND PLC
111,NDEAFIHH,NORDEA BANK FINLAND PLC
112,NDEAFIHH,NORDEA BANK FINLAND PLC
113,NDEAFIHH,NORDEA BANK FINLAND PLC
114,NDEAFIHH,NORDEA BANK FINLAND PLC
115,NDEAFIHH,NORDEA BANK FINLAND PLC
116,NDEAFIHH,NORDEA BANK FINLAND PLC
117,NDEAFIHH,NORDEA BANK FINLAND PLC
118,NDEAFIHH,NORDEA BANK FINLAND PLC
119,NDEAFIHH,NORDEA BANK FINLAND PLC
120,NDEAFIHH,NORDEA BANK FINLAND PLC
121,NDEAFIHH,NORDEA BANK FINLAND PLC
122,NDEAFIHH,NORDEA BANK FINLAND PLC
123,NDEAFIHH,NORDEA BANK FINLAND PLC
124,NDEAFIHH,NORDEA BANK FINLAND PLC
125,NDEAFIHH,NORDEA BANK FINLAND PLC
126,NDEAFIHH,NORDEA BANK FINLAND PLC
127,NDEAFIHH,NORDEA BANK FINLAND PLC
128,NDEAFIHH,NORDEA BANK FINLAND PLC
129,NDEAFIHH,NORDEA BANK FINLAND PLC
130,NDEAFIHH,NORDEA BANK FINLAND PLC
131,NDEAFIHH,NORDEA BANK FINLAND PLC
132,NDEAFIHH,NORDEA BANK FINLAND PLC
133,NDEAFIHH,NORDEA BANK FINLAND PLC
134,NDEAFIHH,NORDEA BANK FINLAND PLC
135,NDEAFIHH,NORDEA BANK FINLAND PLC
136,NDEAFIHH,NORDEA BANK FINLAND PLC
137,NDEAFIHH,NORDEA BANK FINLAND PLC
138,NDEAFIHH,NORDEA BANK FINLAND PLC
139,NDEAFIHH,NORDEA BANK FINLAND PLC
140,NDEAFIHH,NORDEA BANK FINLAND PLC
141,NDEAFIHH,NORDEA BANK FINLAND PLC
142,NDEAFIHH,NORDEA BANK FINLAND PLC
143,NDEAFIHH,NORDEA BANK FINLAND PLC
144,NDEAFIHH,NORDEA BANK FINLAND PLC
145,NDEAFIHH,NORDEA BANK FINLAND PLC
146,NDEAFIHH,NORDEA BANK FINLAND PLC
147,NDEAFIHH,NORDEA BANK FINLAND PLC
148,NDEAFIHH,NORDEA BANK FINLAND PLC
149,NDEAFIHH,NORDEA BANK FINLAND PLC
150,NDEAFIHH,NORDEA BANK FINLAND PLC
151,NDEAFIHH,NORDEA BANK FINLAND PLC
152,NDEAFIHH,NORDEA BANK FINLAND PLC
153,NDEAFIHH,NORDEA BANK FINLAND PLC
154,NDEAFIHH,NORDEA BANK FINLAND PLC
155,NDEAFIHH,NORDEA BANK FINLAND PLC
156,NDEAFIHH,NORDEA BANK FINLAND PLC
157,NDEAFIHH,NORDEA BANK FINLAND PLC
158,NDEAFIHH,NORDEA BANK FINLAND PLC
159,NDEAFIHH,NORDEA BANK FINLAND PLC
160,NDEAFIHH,NORDEA BANK FINLAND PLC
161,NDEAFIHH,NORDEA BANK FINLAND PLC
162,NDEAFIHH,NORDEA BANK FINLAND PLC
163,NDEAFIHH,NORDEA BANK FINLAND PLC
164,NDEAFIHH,NORDEA BANK FINLAND PLC
165,NDEAFIHH,NORDEA BANK FINLAND PLC
166,NDEAFIHH,NORDEA BANK FINLAND PLC
167,NDEAFIHH,NORDEA BANK FINLAND PLC
168,NDEAFIHH,NORDEA BANK FINLAND PLC
169,NDEAFIHH,NORDEA BANK FINLAND PLC
170,NDEAFIHH,NORDEA BANK FINLAND PLC
171,NDEAFIHH,NORDEA BANK FINLAND PLC
172,NDEAFIHH,NORDEA BANK FINLAND PLC
173,NDEAFIHH,NORDEA BANK FINLAND PLC
174,NDEAFIHH,NORDEA BANK FINLAND PLC
175,NDEAFIHH,NORDEA BANK FINLAND PLC
176,NDEAFIHH,NORDEA BANK FINLAND PLC
177,NDEAFIHH,NORDEA BANK FINLAND PLC
178,NDEAFIHH,NORDEA BANK FINLAND PLC
179,NDEAFIHH,NORDEA BANK FINLAND PLC
180,NDEAFIHH,NORDEA BANK FINLAND PLC
181,NDEAFIHH,NORDEA BANK FINLAND PLC
182,NDEAFIHH,NORDEA BANK FINLAND PLC
183,NDEAFIHH,NORDEA BANK FINLAND PLC
184,NDEAFIHH,NORDEA BANK FINLAND PLC
185,NDEAFIHH,NORDEA BANK FINLAND PLC
186,NDEAFIHH,NORDEA BANK FINLAND PLC
187,NDEAFIHH,NORDEA BANK FINLAND PLC
188,NDEAFIHH,NORDEA BANK FINLAND PLC
189,NDEAFIHH,NORDEA BANK FINLAND PLC
190,NDEAFIHH,NORDEA BANK FINLAND PLC
191,NDEAFIHH,NORDEA BANK FINLAND PLC
192,NDEAFIHH,NORDEA BANK FINLAND PLC
193,NDEAFIHH,NORDEA BANK FINLAND PLC
194,NDEAFIHH,NORDEA BANK FINLAND PLC
195,NDEAFIHH,NORDEA BANK FINLAND PLC
196,NDEAFIHH,NORDEA BANK FINLAND PLC
197,NDEAFIHH,NORDEA BANK FINLAND PLC
198,NDEAFIHH,NORDEA BANK FINLAND PLC
199,NDEAFIHH,NORDEA BANK FINLAND PLC
200,NDEAFIHH,NORDEA BANK FINLAND PLC
201,NDEAFIHH,NORDEA BANK FINLAND PLC
202,NDEAFIHH,NORDEA BANK FINLAND PLC
203,NDEAFIHH,NORDEA BANK FINLAND PLC
204,NDEAFIHH,NORDEA BANK FINLAND PLC
205,NDEAFIHH,NORDEA BANK FINLAND PLC
206,NDEAFIHH,NORDEA BANK FINLAND PLC
207,NDEAFIHH,NORDEA BANK FINLAND PLC
208,NDEAFIHH,NORDEA BANK FINLAND PLC
209,NDEAFIHH,NORDEA BANK FINLAND PLC
210,NDEAFIHH,NORDEA BANK FINLAND PLC
211,NDEAFIHH,NORDEA BANK FINLAND PLC
212,NDEAFIHH,NORDEA BANK FINLAND PLC
213,NDEAFIHH,NORDEA BANK FINLAND PLC
214,NDEAFIHH,NORDEA BANK FINLAND PLC
215,NDEAFIHH,NORDEA BANK FINLAND PLC
216,NDEAFIHH,NORDEA BANK FINLAND PLC
217,NDEAFIHH,NORDEA BANK FINLAND PLC
218,NDEAFIHH,NORDEA BANK FINLAND PLC
219,NDEAFIHH,NORDEA BANK FINLAND PLC
220,NDEAFIHH,NORDEA BANK FINLAND PLC
221,NDEAFIHH,NORDEA BANK FINLAND PLC
222,NDEAFIHH,NORDEA BANK FINLAND PLC
223,NDEAFIHH,NORDEA BANK FINLAND PLC
224,NDEAFIHH,NORDEA BANK FINLAND PLC
225,NDEAFIHH,NORDEA BANK FINLAND PLC
226,NDEAFIHH,NORDEA BANK FINLAND PLC
227,NDEAFIHH,NORDEA BANK FINLAND PLC
228,NDEAFIHH,NORDEA BANK FINLAND PLC
229,NDEAFIHH,NORDEA BANK FINLAND PLC
230,NDEAFIHH,NORDEA BANK FINLAND PLC
231,NDEAFIHH,NORDEA BANK FINLAND PLC
232,NDEAFIHH,NORDEA BANK FINLAND PLC
233,NDEAFIHH,NORDEA BANK FINLAND PLC
234,NDEAFIHH,NORDEA BANK FINLAND PLC
235,NDEAFIHH,NORDEA BANK FINLAND PLC
236,NDEAFIHH,NORDEA BANK FINLAND PLC
237,NDEAFIHH,NORDEA BANK FINLAND PLC
238,NDEAFIHH,NORDEA BANK FINLAND PLC
239,NDEAFIHH,NORDEA BANK FINLAND PLC
240,NDEAFIHH,NORDEA BANK FINLAND PLC
241,NDEAFIHH,NORDEA BANK FINLAND PLC
242,NDEAFIHH,NORDEA BANK FINLAND PLC
243,NDEAFIHH,NORDEA BANK FINLAND PLC
244,NDEAFIHH,NORDEA BANK FINLAND PLC
245,NDEAFIHH,NORDEA BANK FINLAND PLC
246,NDEAFIHH,NORDEA BANK FINLAND PLC
247,NDEAFIHH,NORDEA BANK FINLAND PLC
248,NDEAFIHH,NORDEA BANK FINLAND PLC
249,NDEAFIHH,NORDEA BANK FINLAND PLC
250,NDEAFIHH,NORDEA BANK FINLAND PLC
251,NDEAFIHH,NORDEA BANK FINLAND PLC
252,NDEAFIHH,NORDEA BANK FINLAND PLC
253,NDEAFIHH,NORDEA BANK FINLAND PLC
254,NDEAFIHH,NORDEA BANK FINLAND PLC
255,NDEAFIHH,NORDEA BANK FINLAND PLC
256,NDEAFIHH,NORDEA BANK FINLAND PLC
257,NDEAFIHH,NORDEA BANK FINLAND PLC
258,NDEAFIHH,NORDEA BANK FINLAND PLC
259,NDEAFIHH,NORDEA BANK FINLAND PLC
260,NDEAFIHH,NORDEA BANK FINLAND PLC
261,NDEAFIHH,NORDEA BANK FINLAND PLC
262,NDEAFIHH,NORDEA BANK FINLAND PLC
263,NDEAFIHH,NORDEA BANK FINLAND PLC
264,NDEAFIHH,NORDEA BANK FINLAND PLC
265,NDEAFIHH,NORDEA BANK FINLAND PLC
266,NDEAFIHH,NORDEA BANK FINLAND PLC
267,NDEAFIHH,NORDEA BANK FINLAND PLC
268,NDEAFIHH,NORDEA BANK FINLAND PLC
269,NDEAFIHH,NORDEA BANK FINLAND PLC
270,NDEAFIHH,NORDEA BANK FINLAND PLC
271,NDEAFIHH,NORDEA BANK FINLAND PLC
272,NDEAFIHH,NORDEA BANK FINLAND PLC
273,NDEAFIHH,NORDEA BANK FINLAND PLC
274,NDEAFIHH,NORDEA BANK FINLAND PLC
275,NDEAFIHH,NORDEA BANK FINLAND PLC
276,NDEAFIHH,NORDEA BANK FINLAND PLC
277,NDEAFIHH,NORDEA BANK FINLAND PLC
278,NDEAFIHH,NORDEA BANK FINLAND PLC
279,NDEAFIHH,NORDEA BANK FINLAND PLC
280,NDEAFIHH,NORDEA BANK FINLAND PLC
281,NDEAFIHH,NORDEA BANK FINLAND PLC
282,NDEAFIHH,NORDEA BANK FINLAND PLC
283,NDEAFIHH,NORDEA BANK FINLAND PLC
284,NDEAFIHH,NORDEA BANK FINLAND PLC
285,NDEAFIHH,NORDEA BANK FINLAND PLC
286,NDEAFIHH,NORDEA BANK FINLAND PLC
287,NDEAFIHH,NORDEA BANK FINLAND PLC
288,NDEAFIHH,NORDEA BANK FINLAND PLC
289,NDEAFIHH,NORDEA BANK FINLAND PLC
290,NDEAFIHH,NORDEA BANK FINLAND PLC
291,NDEAFIHH,NORDEA BANK FINLAND PLC
292,NDEAFIHH,NORDEA BANK FINLAND PLC
293,NDEAFIHH,NORDEA BANK FINLAND PLC
294,NDEAFIHH,NORDEA BANK FINLAND PLC
295,NDEAFIHH,NORDEA BANK FINLAND PLC
296,NDEAFIHH,NORDEA BANK FINLAND PLC
297,NDEAFIHH,NORDEA BANK FINLAND PLC
298,NDEAFIHH,NORDEA BANK FINLAND PLC
299,NDEAFIHH,NORDEA BANK FINLAND PLC
310,HANDFIHH ,SVENSKA HANDELSBANKEN
311,HANDFIHH ,SVENSKA HANDELSBANKEN
312,HANDFIHH ,SVENSKA HANDELSBANKEN
313,HANDFIHH ,SVENSKA HANDELSBANKEN
314,HANDFIHH ,SVENSKA HANDELSBANKEN
315,HANDFIHH ,SVENSKA HANDELSBANKEN
316,HANDFIHH ,SVENSKA HANDELSBANKEN
317,HANDFIHH ,SVENSKA HANDELSBANKEN
318,HANDFIHH ,SVENSKA HANDELSBANKEN
319,HANDFIHH ,SVENSKA HANDELSBANKEN
330,ESSEFIHX ,SKANDINAVISKA ENSKILDA BANKEN
331,ESSEFIHX ,SKANDINAVISKA ENSKILDA BANKEN
332,ESSEFIHX ,SKANDINAVISKA ENSKILDA BANKEN
333,ESSEFIHX ,SKANDINAVISKA ENSKILDA BANKEN
334,ESSEFIHX ,SKANDINAVISKA ENSKILDA BANKEN
335,ESSEFIHX ,SKANDINAVISKA ENSKILDA BANKEN
336,ESSEFIHX ,SKANDINAVISKA ENSKILDA BANKEN
337,ESSEFIHX ,SKANDINAVISKA ENSKILDA BANKEN
338,ESSEFIHX ,SKANDINAVISKA ENSKILDA BANKEN
339,ESSEFIHX ,SKANDINAVISKA ENSKILDA BANKEN
340,DABAFIHH ,"DANSKE BANK A/S, FINLAND BRANCH"
341,DABAFIHH ,"DANSKE BANK A/S, FINLAND BRANCH"
342,DABAFIHH ,"DANSKE BANK A/S, FINLAND BRANCH"
343,DABAFIHH ,"DANSKE BANK A/S, FINLAND BRANCH"
344,DABAFIHH ,"DANSKE BANK A/S, FINLAND BRANCH"
345,DABAFIHH ,"DANSKE BANK A/S, FINLAND BRANCH"
346,DABAFIHH ,"DANSKE BANK A/S, FINLAND BRANCH"
347,DABAFIHH ,"DANSKE BANK A/S, FINLAND BRANCH"
348,DABAFIHH ,"DANSKE BANK A/S, FINLAND BRANCH"
349,DABAFIHH ,"DANSKE BANK A/S, FINLAND BRANCH"
360,SBANFIHH,S-BANK LTD
361,SBANFIHH,S-BANK LTD
362,SBANFIHH,S-BANK LTD
363,SBANFIHH,S-BANK LTD
364,SBANFIHH,S-BANK LTD
365,SBANFIHH,S-BANK LTD
366,SBANFIHH,S-BANK LTD
367,SBANFIHH,S-BANK LTD
368,SBANFIHH,S-BANK LTD
369,SBANFIHH,S-BANK LTD
370,DNBAFIHX ,"DNB NOR BANK ASA, FILIAL FINLAND"
371,DNBAFIHX ,"DNB NOR BANK ASA, FILIAL FINLAND"
372,DNBAFIHX ,"DNB NOR BANK ASA, FILIAL FINLAND"
373,DNBAFIHX ,"DNB NOR BANK ASA, FILIAL FINLAND"
374,DNBAFIHX ,"DNB NOR BANK ASA, FILIAL FINLAND"
375,DNBAFIHX ,"DNB NOR BANK ASA, FILIAL FINLAND"
376,DNBAFIHX ,"DNB NOR BANK ASA, FILIAL FINLAND"
377,DNBAFIHX ,"DNB NOR BANK ASA, FILIAL FINLAND"
378,DNBAFIHX ,"DNB NOR BANK ASA, FILIAL FINLAND"
379,DNBAFIHX ,"DNB NOR BANK ASA, FILIAL FINLAND"
380,SWEDFIHH,SWEDBANK (FORENINGSSPARBANKEN AB) FILIAL SWEDBANK
381,SWEDFIHH,SWEDBANK (FORENINGSSPARBANKEN AB) FILIAL SWEDBANK
382,SWEDFIHH,SWEDBANK (FORENINGSSPARBANKEN AB) FILIAL SWEDBANK
383,SWEDFIHH,SWEDBANK (FORENINGSSPARBANKEN AB) FILIAL SWEDBANK
384,SWEDFIHH,SWEDBANK (FORENINGSSPARBANKEN AB) FILIAL SWEDBANK
385,SWEDFIHH,SWEDBANK (FORENINGSSPARBANKEN AB) FILIAL SWEDBANK
386,SWEDFIHH,SWEDBANK (FORENINGSSPARBANKEN AB) FILIAL SWEDBANK
387,SWEDFIHH,SWEDBANK (FORENINGSSPARBANKEN AB) FILIAL SWEDBANK
388,SWEDFIHH,SWEDBANK (FORENINGSSPARBANKEN AB) FILIAL SWEDBANK
389,SWEDFIHH,SWEDBANK (FORENINGSSPARBANKEN AB) FILIAL SWEDBANK
390,SBANFIHH,S-BANK LTD
391,SBANFIHH,S-BANK LTD
392,SBANFIHH,S-BANK LTD
393,SBANFIHH,S-BANK LTD
394,SBANFIHH,S-BANK LTD
395,SBANFIHH,S-BANK LTD
396,SBANFIHH,S-BANK LTD
397,SBANFIHH,S-BANK LTD
398,SBANFIHH,S-BANK LTD
399,SBANFIHH,S-BANK LTD
400,ITELFIHH,SAVINGS BANK FINLAND
402,ITELFIHH,SAVINGS BANK FINLAND
403,ITELFIHH,SAVINGS BANK FINLAND
405,HELSFIHH ,AKTIA BANK P.L.C.
406,ITELFIHH,SAVINGS BANK FINLAND
407,ITELFIHH,SAVINGS BANK FINLAND
408,ITELFIHH,SAVINGS BANK FINLAND
410,ITELFIHH,SAVINGS BANK FINLAND
411,ITELFIHH,SAVINGS BANK FINLAND
412,ITELFIHH,SAVINGS BANK FINLAND
414,ITELFIHH,SAVINGS BANK FINLAND
415,ITELFIHH,SAVINGS BANK FINLAND
416,ITELFIHH,SAVINGS BANK FINLAND
417,ITELFIHH,SAVINGS BANK FINLAND
418,ITELFIHH,SAVINGS BANK FINLAND
419,ITELFIHH,SAVINGS BANK FINLAND
420,ITELFIHH,SAVINGS BANK FINLAND
421,ITELFIHH,SAVINGS BANK FINLAND
423,ITELFIHH,SAVINGS BANK FINLAND
424,ITELFIHH,SAVINGS BANK FINLAND
425,ITELFIHH,SAVINGS BANK FINLAND
426,ITELFIHH,SAVINGS BANK FINLAND
427,ITELFIHH,SAVINGS BANK FINLAND
428,ITELFIHH,SAVINGS BANK FINLAND
429,ITELFIHH,SAVINGS BANK FINLAND
430,ITELFIHH,SAVINGS BANK FINLAND
431,ITELFIHH,SAVINGS BANK FINLAND
432,ITELFIHH,SAVINGS BANK FINLAND
435,ITELFIHH,SAVINGS BANK FINLAND
436,ITELFIHH,SAVINGS BANK FINLAND
437,ITELFIHH,SAVINGS BANK FINLAND
438,ITELFIHH,SAVINGS BANK FINLAND
439,ITELFIHH,SAVINGS BANK FINLAND
440,ITELFIHH,SAVINGS BANK FINLAND
441,ITELFIHH,SAVINGS BANK FINLAND
442,ITELFIHH,SAVINGS BANK FINLAND
443,ITELFIHH,SAVINGS BANK FINLAND
444,ITELFIHH,SAVINGS BANK FINLAND
445,ITELFIHH,SAVINGS BANK FINLAND
446,ITELFIHH,SAVINGS BANK FINLAND
447,ITELFIHH,SAVINGS BANK FINLAND
448,ITELFIHH,SAVINGS BANK FINLAND
449,ITELFIHH,SAVINGS BANK FINLAND
450,ITELFIHH,SAVINGS BANK FINLAND
451,ITELFIHH,SAVINGS BANK FINLAND
452,ITELFIHH,SAVINGS BANK FINLAND
454,ITELFIHH,SAVINGS BANK FINLAND
455,ITELFIHH,SAVINGS BANK FINLAND
456,ITELFIHH,SAVINGS BANK FINLAND
457,ITELFIHH,SAVINGS BANK FINLAND
458,ITELFIHH,SAVINGS BANK FINLAND
459,ITELFIHH,SAVINGS BANK FINLAND
460,ITELFIHH,SAVINGS BANK FINLAND
461,ITELFIHH,SAVINGS BANK FINLAND
462,ITELFIHH,SAVINGS BANK FINLAND
463,ITELFIHH,SAVINGS BANK FINLAND
464,ITELFIHH,SAVINGS BANK FINLAND
470,POPFFI22,POP BANK
471,POPFFI22,POP BANK
472,POPFFI22,POP BANK
473,POPFFI22,POP BANK
474,POPFFI22,POP BANK
475,POPFFI22,POP BANK
476,POPFFI22,POP BANK
477,POPFFI22,POP BANK
478,POPFFI22,POP BANK
479,POPFFI22,BONUM BANK LTD
483,ITELFIHH,SAVINGS BANK FINLAND
484,ITELFIHH,SAVINGS BANK FINLAND
485,ITELFIHH,SAVINGS BANK FINLAND
486,ITELFIHH,SAVINGS BANK FINLAND
487,ITELFIHH,SAVINGS BANK FINLAND
488,ITELFIHH,SAVINGS BANK FINLAND
489,ITELFIHH,SAVINGS BANK FINLAND
490,ITELFIHH,SAVINGS BANK FINLAND
491,ITELFIHH,SAVINGS BANK FINLAND
492,ITELFIHH,SAVINGS BANK FINLAND
493,ITELFIHH,SAVINGS BANK FINLAND
495,ITELFIHH,SAVINGS BANK FINLAND
496,ITELFIHH,SAVINGS BANK FINLAND
497,HELSFIHH ,AKTIA BANK P.L.C.
500,OKOYFIHH ,OP CORPORATE BANK PLC
501,OKOYFIHH ,OP CORPORATE BANK PLC
502,OKOYFIHH ,OP CORPORATE BANK PLC
503,OKOYFIHH ,OP CORPORATE BANK PLC
504,OKOYFIHH ,OP CORPORATE BANK PLC
505,OKOYFIHH ,OP CORPORATE BANK PLC
506,OKOYFIHH ,OP CORPORATE BANK PLC
507,OKOYFIHH ,OP CORPORATE BANK PLC
508,OKOYFIHH ,OP CORPORATE BANK PLC
509,OKOYFIHH ,OP CORPORATE BANK PLC
510,OKOYFIHH ,OP CORPORATE BANK PLC
511,OKOYFIHH ,OP CORPORATE BANK PLC
512,OKOYFIHH ,OP CORPORATE BANK PLC
513,OKOYFIHH ,OP CORPORATE BANK PLC
514,OKOYFIHH ,OP CORPORATE BANK PLC
515,OKOYFIHH ,OP CORPORATE BANK PLC
516,OKOYFIHH ,OP CORPORATE BANK PLC
517,OKOYFIHH ,OP CORPORATE BANK PLC
518,OKOYFIHH ,OP CORPORATE BANK PLC
519,OKOYFIHH ,OP CORPORATE BANK PLC
520,OKOYFIHH ,OP CORPORATE BANK PLC
521,OKOYFIHH ,OP CORPORATE BANK PLC
522,OKOYFIHH ,OP CORPORATE BANK PLC
523,OKOYFIHH ,OP CORPORATE BANK PLC
524,OKOYFIHH ,OP CORPORATE BANK PLC
525,OKOYFIHH ,OP CORPORATE BANK PLC
526,OKOYFIHH ,OP CORPORATE BANK PLC
527,OKOYFIHH ,OP CORPORATE BANK PLC
528,OKOYFIHH ,OP CORPORATE BANK PLC
529,OKOYFIHH ,OP CORPORATE BANK PLC
530,OKOYFIHH ,OP CORPORATE BANK PLC
531,OKOYFIHH ,OP CORPORATE BANK PLC
532,OKOYFIHH ,OP CORPORATE BANK PLC
533,OKOYFIHH ,OP CORPORATE BANK PLC
534,OKOYFIHH ,OP CORPORATE BANK PLC
535,OKOYFIHH ,OP CORPORATE BANK PLC
536,OKOYFIHH ,OP CORPORATE BANK PLC
537,OKOYFIHH ,OP CORPORATE BANK PLC
538,OKOYFIHH ,OP CORPORATE BANK PLC
539,OKOYFIHH ,OP CORPORATE BANK PLC
540,OKOYFIHH ,OP CORPORATE BANK PLC
541,OKOYFIHH ,OP CORPORATE BANK PLC
542,OKOYFIHH ,OP CORPORATE BANK PLC
543,OKOYFIHH ,OP CORPORATE BANK PLC
544,OKOYFIHH ,OP CORPORATE BANK PLC
545,OKOYFIHH ,OP CORPORATE BANK PLC
546,OKOYFIHH ,OP CORPORATE BANK PLC
547,OKOYFIHH ,OP CORPORATE BANK PLC
548,OKOYFIHH ,OP CORPORATE BANK PLC
549,OKOYFIHH ,OP CORPORATE BANK PLC
550,OKOYFIHH ,OP CORPORATE BANK PLC
551,OKOYFIHH ,OP CORPORATE BANK PLC
552,OKOYFIHH ,OP CORPORATE BANK PLC
553,OKOYFIHH ,OP CORPORATE BANK PLC
554,OKOYFIHH ,OP CORPORATE BANK PLC
555,OKOYFIHH ,OP CORPORATE BANK PLC
556,OKOYFIHH ,OP CORPORATE BANK PLC
557,OKOYFIHH ,OP CORPORATE BANK PLC
558,OKOYFIHH ,OP CORPORATE BANK PLC
559,OKOYFIHH ,OP CORPORATE BANK PLC
560,OKOYFIHH ,OP CORPORATE BANK PLC
561,OKOYFIHH ,OP CORPORATE BANK PLC
562,OKOYFIHH ,OP CORPORATE BANK PLC
563,OKOYFIHH ,OP CORPORATE BANK PLC
564,OKOYFIHH ,OP CORPORATE BANK PLC
565,OKOYFIHH ,OP CORPORATE BANK PLC
566,OKOYFIHH ,OP CORPORATE BANK PLC
567,OKOYFIHH ,OP CORPORATE BANK PLC
568,OKOYFIHH ,OP CORPORATE BANK PLC
569,OKOYFIHH ,OP CORPORATE BANK PLC
570,OKOYFIHH ,OP CORPORATE BANK PLC
571,OKOYFIHH ,OP CORPORATE BANK PLC
572,OKOYFIHH ,OP CORPORATE BANK PLC
573,OKOYFIHH ,OP CORPORATE BANK PLC
574,OKOYFIHH ,OP CORPORATE BANK PLC
575,OKOYFIHH ,OP CORPORATE BANK PLC
576,OKOYFIHH ,OP CORPORATE BANK PLC
577,OKOYFIHH ,OP CORPORATE BANK PLC
578,OKOYFIHH ,OP CORPORATE BANK PLC
579,OKOYFIHH ,OP CORPORATE BANK PLC
580,OKOYFIHH ,OP CORPORATE BANK PLC
581,OKOYFIHH ,OP CORPORATE BANK PLC
582,OKOYFIHH ,OP CORPORATE BANK PLC
583,OKOYFIHH ,OP CORPORATE BANK PLC
584,OKOYFIHH ,OP CORPORATE BANK PLC
585,OKOYFIHH ,OP CORPORATE BANK PLC
586,OKOYFIHH ,OP CORPORATE BANK PLC
587,OKOYFIHH ,OP CORPORATE BANK PLC
588,OKOYFIHH ,OP CORPORATE BANK PLC
589,OKOYFIHH ,OP CORPORATE BANK PLC
590,OKOYFIHH ,OP CORPORATE BANK PLC
591,OKOYFIHH ,OP CORPORATE BANK PLC
592,OKOYFIHH ,OP CORPORATE BANK PLC
593,OKOYFIHH ,OP CORPORATE BANK PLC
594,OKOYFIHH ,OP CORPORATE BANK PLC
595,OKOYFIHH ,OP CORPORATE BANK PLC
596,OKOYFIHH ,OP CORPORATE BANK PLC
597,OKOYFIHH ,OP CORPORATE BANK PLC
598,OKOYFIHH ,OP CORPORATE BANK PLC
599,OKOYFIHH ,OP CORPORATE BANK PLC
600,AABAFI22 ,BANK OF ALAND PLC
601,AABAFI22 ,BANK OF ALAND PLC
602,AABAFI22 ,BANK OF ALAND PLC
603,AABAFI22 ,BANK OF ALAND PLC
604,AABAFI22 ,BANK OF ALAND PLC
605,AABAFI22 ,BANK OF ALAND PLC
606,AABAFI22 ,BANK OF ALAND PLC
607,AABAFI22 ,BANK OF ALAND PLC
608,AABAFI22 ,BANK OF ALAND PLC
609,AABAFI22 ,BANK OF ALAND PLC
610,AABAFI22 ,BANK OF ALAND PLC
611,AABAFI22 ,BANK OF ALAND PLC
612,AABAFI22 ,BANK OF ALAND PLC
613,AABAFI22 ,BANK OF ALAND PLC
614,AABAFI22 ,BANK OF ALAND PLC
615,AABAFI22 ,BANK OF ALAND PLC
616,AABAFI22 ,BANK OF ALAND PLC
617,AABAFI22 ,BANK OF ALAND PLC
618,AABAFI22 ,BANK OF ALAND PLC
619,AABAFI22 ,BANK OF ALAND PLC
620,AABAFI22 ,BANK OF ALAND PLC
621,AABAFI22 ,BANK OF ALAND PLC
622,AABAFI22 ,BANK OF ALAND PLC
623,AABAFI22 ,BANK OF ALAND PLC
624,AABAFI22 ,BANK OF ALAND PLC
625,AABAFI22 ,BANK OF ALAND PLC
626,AABAFI22 ,BANK OF ALAND PLC
627,AABAFI22 ,BANK OF ALAND PLC
628,AABAFI22 ,BANK OF ALAND PLC
629,AABAFI22 ,BANK OF ALAND PLC
630,AABAFI22 ,BANK OF ALAND PLC
631,AABAFI22 ,BANK OF ALAND PLC
632,AABAFI22 ,BANK OF ALAND PLC
633,AABAFI22 ,BANK OF ALAND PLC
634,AABAFI22 ,BANK OF ALAND PLC
635,AABAFI22 ,BANK OF ALAND PLC
636,AABAFI22 ,BANK OF ALAND PLC
637,AABAFI22 ,BANK OF ALAND PLC
638,AABAFI22 ,BANK OF ALAND PLC
639,AABAFI22 ,BANK OF ALAND PLC
640,AABAFI22 ,BANK OF ALAND PLC
641,AABAFI22 ,BANK OF ALAND PLC
642,AABAFI22 ,BANK OF ALAND PLC
643,AABAFI22 ,BANK OF ALAND PLC
644,AABAFI22 ,BANK OF ALAND PLC
645,AABAFI22 ,BANK OF ALAND PLC
646,AABAFI22 ,BANK OF ALAND PLC
647,AABAFI22 ,BANK OF ALAND PLC
648,AABAFI22 ,BANK OF ALAND PLC
649,AABAFI22 ,BANK OF ALAND PLC
650,AABAFI22 ,BANK OF ALAND PLC
651,AABAFI22 ,BANK OF ALAND PLC
652,AABAFI22 ,BANK OF ALAND PLC
653,AABAFI22 ,BANK OF ALAND PLC
654,AABAFI22 ,BANK OF ALAND PLC
655,AABAFI22 ,BANK OF ALAND PLC
656,AABAFI22 ,BANK OF ALAND PLC
657,AABAFI22 ,BANK OF ALAND PLC
658,AABAFI22 ,BANK OF ALAND PLC
659,AABAFI22 ,BANK OF ALAND PLC
660,AABAFI22 ,BANK OF ALAND PLC
661,AABAFI22 ,BANK OF ALAND PLC
662,AABAFI22 ,BANK OF ALAND PLC
663,AABAFI22 ,BANK OF ALAND PLC
664,AABAFI22 ,BANK OF ALAND PLC
665,AABAFI22 ,BANK OF ALAND PLC
666,AABAFI22 ,BANK OF ALAND PLC
667,AABAFI22 ,BANK OF ALAND PLC
668,AABAFI22 ,BANK OF ALAND PLC
669,AABAFI22 ,BANK OF ALAND PLC
660,AABAFI22 ,BANK OF ALAND PLC
661,AABAFI22 ,BANK OF ALAND PLC
662,AABAFI22 ,BANK OF ALAND PLC
663,AABAFI22 ,BANK OF ALAND PLC
664,AABAFI22 ,BANK OF ALAND PLC
665,AABAFI22 ,BANK OF ALAND PLC
666,AABAFI22 ,BANK OF ALAND PLC
667,AABAFI22 ,BANK OF ALAND PLC
668,AABAFI22 ,BANK OF ALAND PLC
669,AABAFI22 ,BANK OF ALAND PLC
670,AABAFI22 ,BANK OF ALAND PLC
671,AABAFI22 ,BANK OF ALAND PLC
672,AABAFI22 ,BANK OF ALAND PLC
673,AABAFI22 ,BANK OF ALAND PLC
674,AABAFI22 ,BANK OF ALAND PLC
675,AABAFI22 ,BANK OF ALAND PLC
676,AABAFI22 ,BANK OF ALAND PLC
677,AABAFI22 ,BANK OF ALAND PLC
678,AABAFI22 ,BANK OF ALAND PLC
679,AABAFI22 ,BANK OF ALAND PLC
680,AABAFI22 ,BANK OF ALAND PLC
681,AABAFI22 ,BANK OF ALAND PLC
682,AABAFI22 ,BANK OF ALAND PLC
683,AABAFI22 ,BANK OF ALAND PLC
684,AABAFI22 ,BANK OF ALAND PLC
685,AABAFI22 ,BANK OF ALAND PLC
686,AABAFI22 ,BANK OF ALAND PLC
687,AABAFI22 ,BANK OF ALAND PLC
688,AABAFI22 ,BANK OF ALAND PLC
689,AABAFI22 ,BANK OF ALAND PLC
690,AABAFI22 ,BANK OF ALAND PLC
691,AABAFI22 ,BANK OF ALAND PLC
692,AABAFI22 ,BANK OF ALAND PLC
693,AABAFI22 ,BANK OF ALAND PLC
694,AABAFI22 ,BANK OF ALAND PLC
695,AABAFI22 ,BANK OF ALAND PLC
696,AABAFI22 ,BANK OF ALAND PLC
697,AABAFI22 ,BANK OF ALAND PLC
698,AABAFI22 ,BANK OF ALAND PLC
699,AABAFI22 ,BANK OF ALAND PLC
713,CITIFIHX,"CITIBANK INTERNATIONAL PLC, FINLAND BRANCH"
715,ITELFIHH,CENTRAL BANK OF SAVINGS BANKS FINLAND LTD
717,BIGKFIH1,BIGBANK AS FINLAND BRANCH
799,HOLVFIHH,HOLVI PAYMENT SERVICES LTD
800,DABAFIHH ,"DANSKE BANK A/S, FINLAND BRANCH "
801,DABAFIHH ,"DANSKE BANK A/S, FINLAND BRANCH "
802,DABAFIHH ,"DANSKE BANK A/S, FINLAND BRANCH "
803,DABAFIHH ,"DANSKE BANK A/S, FINLAND BRANCH "
804,DABAFIHH ,"DANSKE BANK A/S, FINLAND BRANCH "
805,DABAFIHH ,"DANSKE BANK A/S, FINLAND BRANCH "
806,DABAFIHH ,"DANSKE BANK A/S, FINLAND BRANCH "
807,DABAFIHH ,"DANSKE BANK A/S, FINLAND BRANCH "
808,DABAFIHH ,"DANSKE BANK A/S, FINLAND BRANCH "
809,DABAFIHH ,"DANSKE BANK A/S, FINLAND BRANCH "
810,DABAFIHH ,"DANSKE BANK A/S, FINLAND BRANCH "
811,DABAFIHH ,"DANSKE BANK A/S, FINLAND BRANCH "
812,DABAFIHH ,"DANSKE BANK A/S, FINLAND BRANCH "
813,DABAFIHH ,"DANSKE BANK A/S, FINLAND BRANCH "
814,DABAFIHH ,"DANSKE BANK A/S, FINLAND BRANCH "
815,DABAFIHH ,"DANSKE BANK A/S, FINLAND BRANCH "
816,DABAFIHH ,"DANSKE BANK A/S, FINLAND BRANCH "
817,DABAFIHH ,"DANSKE BANK A/S, FINLAND BRANCH "
818,DABAFIHH ,"DANSKE BANK A/S, FINLAND BRANCH "
819,DABAFIHH ,"DANSKE BANK A/S, FINLAND BRANCH "
820,DABAFIHH ,"DANSKE BANK A/S, FINLAND BRANCH "
821,DABAFIHH ,"DANSKE BANK A/S, FINLAND BRANCH "
822,DABAFIHH ,"DANSKE BANK A/S, FINLAND BRANCH "
823,DABAFIHH ,"DANSKE BANK A/S, FINLAND BRANCH "
824,DABAFIHH ,"DANSKE BANK A/S, FINLAND BRANCH "
825,DABAFIHH ,"DANSKE BANK A/S, FINLAND BRANCH "
826,DABAFIHH ,"DANSKE BANK A/S, FINLAND BRANCH "
827,DABAFIHH ,"DANSKE BANK A/S, FINLAND BRANCH "
828,DABAFIHH ,"DANSKE BANK A/S, FINLAND BRANCH "
829,DABAFIHH ,"DANSKE BANK A/S, FINLAND BRANCH "
830,DABAFIHH ,"DANSKE BANK A/S, FINLAND BRANCH "
831,DABAFIHH ,"DANSKE BANK A/S, FINLAND BRANCH "
832,DABAFIHH ,"DANSKE BANK A/S, FINLAND BRANCH "
833,DABAFIHH ,"DANSKE BANK A/S, FINLAND BRANCH "
834,DABAFIHH ,"DANSKE BANK A/S, FINLAND BRANCH "
835,DABAFIHH ,"DANSKE BANK A/S, FINLAND BRANCH "
836,DABAFIHH ,"DANSKE BANK A/S, FINLAND BRANCH "
837,DABAFIHH ,"DANSKE BANK A/S, FINLAND BRANCH "
838,DABAFIHH ,"DANSKE BANK A/S, FINLAND BRANCH "
839,DABAFIHH ,"DANSKE BANK A/S, FINLAND BRANCH "
840,DABAFIHH ,"DANSKE BANK A/S, FINLAND BRANCH "
841,DABAFIHH ,"DANSKE BANK A/S, FINLAND BRANCH "
842,DABAFIHH ,"DANSKE BANK A/S, FINLAND BRANCH "
843,DABAFIHH ,"DANSKE BANK A/S, FINLAND BRANCH "
844,DABAFIHH ,"DANSKE BANK A/S, FINLAND BRANCH "
845,DABAFIHH ,"DANSKE BANK A/S, FINLAND BRANCH "
846,DABAFIHH ,"DANSKE BANK A/S, FINLAND BRANCH "
847,DABAFIHH ,"DANSKE BANK A/S, FINLAND BRANCH "
848,DABAFIHH ,"DANSKE BANK A/S, FINLAND BRANCH "
849,DABAFIHH ,"DANSKE BANK A/S, FINLAND BRANCH "
850,DABAFIHH ,"DANSKE BANK A/S, FINLAND BRANCH "
851,DABAFIHH ,"DANSKE BANK A/S, FINLAND BRANCH "
852,DABAFIHH ,"DANSKE BANK A/S, FINLAND BRANCH "
853,DABAFIHH ,"DANSKE BANK A/S, FINLAND BRANCH "
854,DABAFIHH ,"DANSKE BANK A/S, FINLAND BRANCH "
855,DABAFIHH ,"DANSKE BANK A/S, FINLAND BRANCH "
856,DABAFIHH ,"DANSKE BANK A/S, FINLAND BRANCH "
857,DABAFIHH ,"DANSKE BANK A/S, FINLAND BRANCH "
858,DABAFIHH ,"DANSKE BANK A/S, FINLAND BRANCH "
859,DABAFIHH ,"DANSKE BANK A/S, FINLAND BRANCH "
860,DABAFIHH ,"DANSKE BANK A/S, FINLAND BRANCH "
861,DABAFIHH ,"DANSKE BANK A/S, FINLAND BRANCH "
862,DABAFIHH ,"DANSKE BANK A/S, FINLAND BRANCH "
863,DABAFIHH ,"DANSKE BANK A/S, FINLAND BRANCH "
864,DABAFIHH ,"DANSKE BANK A/S, FINLAND BRANCH "
865,DABAFIHH ,"DANSKE BANK A/S, FINLAND BRANCH "
866,DABAFIHH ,"DANSKE BANK A/S, FINLAND BRANCH "
867,DABAFIHH ,"DANSKE BANK A/S, FINLAND BRANCH "
868,DABAFIHH ,"DANSKE BANK A/S, FINLAND BRANCH "
869,DABAFIHH ,"DANSKE BANK A/S, FINLAND BRANCH "
870,DABAFIHH ,"DANSKE BANK A/S, FINLAND BRANCH "
871,DABAFIHH ,"DANSKE BANK A/S, FINLAND BRANCH "
872,DABAFIHH ,"DANSKE BANK A/S, FINLAND BRANCH "
873,DABAFIHH ,"DANSKE BANK A/S, FINLAND BRANCH "
874,DABAFIHH ,"DANSKE BANK A/S, FINLAND BRANCH "
875,DABAFIHH ,"DANSKE BANK A/S, FINLAND BRANCH "
876,DABAFIHH ,"DANSKE BANK A/S, FINLAND BRANCH "
877,DABAFIHH ,"DANSKE BANK A/S, FINLAND BRANCH "
878,DABAFIHH ,"DANSKE BANK A/S, FINLAND BRANCH "
879,DABAFIHH ,"DANSKE BANK A/S, FINLAND BRANCH "
880,DABAFIHH ,"DANSKE BANK A/S, FINLAND BRANCH "
881,DABAFIHH ,"DANSKE BANK A/S, FINLAND BRANCH "
882,DABAFIHH ,"DANSKE BANK A/S, FINLAND BRANCH "
883,DABAFIHH ,"DANSKE BANK A/S, FINLAND BRANCH "
884,DABAFIHH ,"DANSKE BANK A/S, FINLAND BRANCH "
885,DABAFIHH ,"DANSKE BANK A/S, FINLAND BRANCH "
886,DABAFIHH ,"DANSKE BANK A/S, FINLAND BRANCH "
887,DABAFIHH ,"DANSKE BANK A/S, FINLAND BRANCH "
888,DABAFIHH ,"DANSKE BANK A/S, FINLAND BRANCH "
889,DABAFIHH ,"DANSKE BANK A/S, FINLAND BRANCH "
890,DABAFIHH ,"DANSKE BANK A/S, FINLAND BRANCH "
891,DABAFIHH ,"DANSKE BANK A/S, FINLAND BRANCH "
892,DABAFIHH ,"DANSKE BANK A/S, FINLAND BRANCH "
893,DABAFIHH ,"DANSKE BANK A/S, FINLAND BRANCH "
894,DABAFIHH ,"DANSKE BANK A/S, FINLAND BRANCH "
895,DABAFIHH ,"DANSKE BANK A/S, FINLAND BRANCH "
896,DABAFIHH ,"DANSKE BANK A/S, FINLAND BRANCH "
897,DABAFIHH ,"DANSKE BANK A/S, FINLAND BRANCH "
898,DABAFIHH ,"DANSKE BANK A/S, FINLAND BRANCH "
899,DABAFIHH ,"DANSKE BANK A/S, FINLAND BRANCH "
,DNBNFIHH,"BANK DNB NORD AS, Helsinki Branch"
,BSUIFIHH,CREDIT AGRICOLE CORPORATE AND INVESTMENT BANK HELSINKI BRANCH 
,EQBAFIHH,EQ BANK LIMITED
,EVSEFIHH,EVLI BANK PLC
,APKEFIHH,FINNISH CENTRAL SECURITIES DEPOSITORY LTD.
,NOINFIHH,NORDIC INVESTMENT BANK
,SAWSFIHH,SANOMAWSOY CORPORATION
,SPFBFIHH,SUOMEN PANKKI - FINLANDS BANK
,,
,The list is updated whenever there are changes,
